,number,value,datetime_start,datetime_complete,duration,params_batch_size,params_clip_range,params_ent_coef,params_gae_lambda,params_gamma,params_learning_rate,params_n_epochs,params_n_steps,params_vf_coef,state
0,0,377.31954514980316,2022-08-17 17:45:48.300058,2022-08-17 17:46:18.179940,0 days 00:00:29.879882,16,0.1,1.198276232690608e-05,0.95,0.88,0.0028705376803489125,3,256,0.738600327518466,COMPLETE
1,1,301.8614006638527,2022-08-17 17:46:18.222100,2022-08-17 17:46:44.206264,0 days 00:00:25.984164,256,0.2,1.887971975285781e-06,0.98,0.98,0.0008852046651983105,20,256,0.7357233874946396,COMPLETE
2,2,,2022-08-17 17:46:44.226104,,,32,0.3,2.8648178459332384e-06,0.95,0.88,1.4394354016879554e-05,3,32,0.6367317987117518,RUNNING
3,3,,2022-08-17 17:50:30.224464,,,16,0.3,0.0001645842711782447,0.98,0.98,0.0002525205666860105,20,8,0.8723163667310153,RUNNING
4,4,,2022-08-17 17:50:55.469894,,,16,0.3,0.002440099482482141,0.98,0.8,0.21663421567856966,20,128,0.8466316220507755,RUNNING
5,5,-3.253027721752005,2022-08-17 17:51:56.022483,2022-08-17 17:52:18.651857,0 days 00:00:22.629374,1024,0.2,0.00010612754961321464,0.9,0.995,0.000409476791574632,5,128,0.9956821635490996,COMPLETE
6,6,0.20589312577567398,2022-08-17 17:52:18.680129,2022-08-17 17:52:40.095635,0 days 00:00:21.415506,1024,0.3,0.00015103438616953402,1.0,0.99,0.0014872314757040626,3,512,0.723042716735246,COMPLETE
7,7,1.8513404093682766,2022-08-17 17:52:40.118947,2022-08-17 17:53:27.091974,0 days 00:00:46.973027,2048,0.2,6.531828539355404e-08,0.98,0.98,0.11568410044542278,30,32,0.5082726895118547,COMPLETE
8,8,-0.467539687640965,2022-08-17 17:53:27.117273,2022-08-17 17:53:40.098306,0 days 00:00:12.981033,16,0.1,0.07251213517638244,0.95,0.88,1.0218126504570321e-05,3,256,0.898265002132219,PRUNED
9,9,-11.366134198382497,2022-08-17 17:53:40.114473,2022-08-17 17:53:58.678308,0 days 00:00:18.563835,16,0.1,0.013210170169272114,0.95,0.8,0.13083038169622976,10,64,0.6121107686677995,PRUNED
10,10,-0.939775574603118,2022-08-17 17:53:58.692280,2022-08-17 17:54:08.915750,0 days 00:00:10.223470,512,0.1,1.222048916536603e-06,0.99,0.88,0.018708306657548607,3,2048,0.8413227722433232,PRUNED
11,11,1.5307888365496183,2022-08-17 17:54:08.930298,2022-08-17 17:54:25.830681,0 days 00:00:16.900383,8,0.3,1.1433342506750952e-08,0.95,0.88,3.422941195382099e-05,5,1024,0.6437325143267277,PRUNED
12,12,,2022-08-17 17:54:25.846694,2022-08-17 17:54:31.917999,0 days 00:00:06.071305,32,0.1,0.0017477635809161093,0.9,0.8,0.7809463888028297,10,8,0.8425256687913956,PRUNED
13,13,-11.366134198382497,2022-08-17 17:54:31.933375,2022-08-17 17:54:57.775028,0 days 00:00:25.841653,16,0.1,3.940438383044728e-06,0.99,0.99,0.014824410212138704,20,16,0.6259494635322935,PRUNED
14,14,-8.202449134869767,2022-08-17 17:54:57.791894,2022-08-17 17:55:08.927540,0 days 00:00:11.135646,256,0.2,1.854248191331128e-06,0.98,0.98,0.00024364075398070534,20,256,0.7343790385594845,PRUNED
15,15,0.6962664561651764,2022-08-17 17:55:08.942482,2022-08-17 17:55:20.536048,0 days 00:00:11.593566,256,0.2,1.5459666410600872e-05,0.98,0.98,0.003024699364610511,20,256,0.7792336952388745,PRUNED
16,16,0.29349752380653626,2022-08-17 17:55:20.550717,2022-08-17 17:55:32.734914,0 days 00:00:12.184197,256,0.2,3.4551006736121223e-07,1.0,0.995,0.0002548590461695403,30,256,0.7059019523943296,PRUNED
17,17,-7.658795729890699,2022-08-17 17:55:32.748841,2022-08-17 17:56:08.490084,0 days 00:00:35.741243,32,0.3,2.435752825485784e-05,0.98,0.98,0.012351135224070142,20,256,0.7998807626726097,COMPLETE
18,18,31.683847172971582,2022-08-17 17:56:08.513396,2022-08-17 17:56:45.612590,0 days 00:00:37.099194,8,0.1,0.0004995373429343209,0.95,0.88,0.0008464402435524989,3,128,0.5441303156884798,COMPLETE
19,19,3.4689810595009476,2022-08-17 17:56:45.637390,2022-08-17 17:57:40.048616,0 days 00:00:54.411226,2048,0.2,1.1198178796113453e-07,0.95,0.98,7.213895820050523e-05,20,16,0.6824423738613195,COMPLETE
20,20,-13.89896637108177,2022-08-17 17:57:40.074904,2022-08-17 17:57:50.813854,0 days 00:00:10.738950,512,0.2,6.97098165073255e-06,0.98,0.88,0.0028022926830684855,3,32,0.9337536200434438,PRUNED
21,21,0.11647161576183862,2022-08-17 17:57:50.828009,2022-08-17 17:58:01.478047,0 days 00:00:10.650038,256,0.1,1.0176883606234547e-06,0.9,0.99,0.007110565465950081,5,1024,0.7808364841491248,PRUNED
22,22,-11.366134198382497,2022-08-17 17:58:01.493335,2022-08-17 17:58:34.172767,0 days 00:00:32.679432,16,0.3,5.4169741848295104e-05,0.99,0.995,0.0800275331312273,30,512,0.5817653516989306,PRUNED
23,23,26.54382832866395,2022-08-17 17:58:34.187701,2022-08-17 17:59:11.820020,0 days 00:00:37.632319,256,0.1,0.001564351919168554,1.0,0.8,9.02582138068747e-05,10,64,0.6701159054777037,COMPLETE
24,24,29.831401178527813,2022-08-17 17:59:11.843332,2022-08-17 17:59:43.338865,0 days 00:00:31.495533,8,0.1,0.0006682324611007116,0.95,0.88,0.0008104523279452735,3,128,0.503619286354408,COMPLETE
25,25,-53.005594772752374,2022-08-17 18:31:56.269561,2022-08-17 18:32:12.377917,0 days 00:00:16.108356,8,0.1,0.0002120428766707124,0.95,0.88,0.0009052020266164544,3,128,0.5703328267689977,PRUNED
26,26,-24.367499561281875,2022-08-17 18:32:12.393819,2022-08-17 18:32:28.791989,0 days 00:00:16.398170,8,0.1,0.0047915739275335885,0.95,0.88,0.005037648230655677,3,8,0.5527788297956389,PRUNED
27,27,-62.78174470621161,2022-08-17 18:32:28.806132,2022-08-17 18:32:41.830900,0 days 00:00:13.024768,16,0.1,1.1240352944070328e-05,0.95,0.88,0.001607161686734747,3,2048,0.8240398903675797,PRUNED
28,28,-27.160811262903735,2022-08-17 18:32:41.845173,2022-08-17 18:33:28.443679,0 days 00:00:46.598506,8,0.2,0.0004292738674468772,0.98,0.98,0.0004895948767407341,20,128,0.8926725935656412,PRUNED
29,29,-89.8297345743922,2022-08-17 18:33:28.459829,2022-08-17 18:33:43.204683,0 days 00:00:14.744854,32,0.1,3.23101406134808e-07,0.95,0.88,0.00012055852605394431,3,256,0.6761792559304394,PRUNED
30,30,-272.6017037863785,2022-08-17 18:33:43.218742,2022-08-17 18:33:57.835479,0 days 00:00:14.616737,1024,0.2,3.780861479113412e-05,0.95,0.88,0.03226088116731411,3,256,0.7451465527933224,PRUNED
31,31,-42.58692965294904,2022-08-17 18:33:57.851499,2022-08-17 18:34:17.055317,0 days 00:00:19.203818,512,0.1,0.01688239146045858,0.98,0.98,0.001672667328775282,20,128,0.7627936649444897,PRUNED
32,32,-76.49933700557449,2022-08-17 18:34:17.069624,2022-08-17 18:34:34.038260,0 days 00:00:16.968636,2048,0.3,8.239811197140679e-05,0.9,0.995,0.00045258429666753024,5,128,0.5431843629750284,PRUNED
33,33,-29.774582342943177,2022-08-17 18:34:34.053563,2022-08-17 18:34:47.317464,0 days 00:00:13.263901,1024,0.2,3.168484759927671e-06,0.99,0.8,0.0061847266314885374,10,256,0.9903128016875007,PRUNED
34,34,-51.82752371940296,2022-08-17 18:34:47.331904,2022-08-17 18:35:08.958496,0 days 00:00:21.626592,8,0.1,0.0006081205591102779,0.95,0.88,0.0007985204356184226,3,128,0.5087723323510291,PRUNED
35,35,-54.62805443693651,2022-08-17 18:35:08.973637,2022-08-17 18:35:27.913930,0 days 00:00:18.940293,8,0.1,0.00015892195232608124,0.95,0.88,0.0011513751227353588,3,128,0.6024022658420207,PRUNED
36,36,-69.6371842592489,2022-08-17 18:35:27.928619,2022-08-17 18:35:49.644847,0 days 00:00:21.716228,8,0.1,0.0007304869035072342,0.95,0.88,0.0002280357817940709,3,128,0.5259099758013235,PRUNED
37,37,-66.04177964496193,2022-08-17 18:35:49.658742,2022-08-17 18:36:06.807924,0 days 00:00:17.149182,8,0.1,0.002048281561588273,1.0,0.99,0.0006693798149748347,3,512,0.7065962261087181,PRUNED
38,38,-11.39894306845963,2022-08-17 18:36:06.821930,2022-08-17 18:36:53.042907,0 days 00:00:46.220977,16,0.1,0.00031762222240273315,0.95,0.88,0.003068188059956209,30,64,0.583735758416355,PRUNED
39,39,-69.6197188250735,2022-08-17 18:36:53.057339,2022-08-17 18:37:15.938100,0 days 00:00:22.880761,256,0.1,0.009205932436582473,0.95,0.88,4.047997046510501e-05,3,32,0.5035633993548031,PRUNED
40,40,-64.5693843900226,2022-08-17 18:37:15.952551,2022-08-17 18:37:27.738931,0 days 00:00:11.786380,1024,0.3,0.07113357575745546,0.95,0.98,0.00016287443686399984,3,2048,0.654423502943764,PRUNED
41,41,-64.47895302285906,2022-08-17 18:37:27.753203,2022-08-17 18:37:43.096254,0 days 00:00:15.343051,16,0.1,9.156599817515306e-05,0.9,0.88,0.0017382793318619233,5,1024,0.5438794361937006,PRUNED
42,42,-48.52538053598255,2022-08-17 18:37:43.111270,2022-08-17 18:38:27.195086,0 days 00:00:44.083816,8,0.2,5.364300646292226e-07,0.98,0.995,0.04236292885487279,3,8,0.6353418706017713,PRUNED
43,43,-69.69914488078211,2022-08-17 18:38:27.209994,2022-08-17 18:39:10.875371,0 days 00:00:43.665377,2048,0.1,1.8422046070991994e-08,0.95,0.99,1.565773363853157e-05,10,16,0.8713576893251826,PRUNED
44,44,-61.887401279760525,2022-08-17 18:39:10.889563,2022-08-17 18:39:35.882877,0 days 00:00:24.993314,256,0.1,0.00223134729301277,1.0,0.8,5.8786528234633067e-05,10,64,0.7153067195292593,PRUNED
45,45,18.78123908897396,2022-08-17 18:40:54.360672,2022-08-17 18:41:21.558968,0 days 00:00:27.198296,256,0.1,0.001064662032069579,1.0,0.8,0.00040239917833028214,10,64,0.6746619882079418,COMPLETE
46,46,5.524415712347945,2022-08-17 18:41:21.590712,2022-08-17 18:41:37.525181,0 days 00:00:15.934469,256,0.1,0.00590122297520673,1.0,0.8,0.00011025053822402826,10,64,0.5989940410208077,PRUNED
47,47,-0.4205026678391732,2022-08-17 18:41:37.539948,2022-08-17 18:41:49.005540,0 days 00:00:11.465592,256,0.1,7.935435065384729e-06,1.0,0.8,2.216519257778977e-05,10,256,0.7563185119935771,PRUNED
48,48,1.8546614926308393,2022-08-17 18:41:49.020193,2022-08-17 18:42:19.107212,0 days 00:00:30.087019,16,0.1,0.0202360755688312,1.0,0.8,0.2564202827362531,20,64,0.8017120838129457,PRUNED
49,49,0.6572793868836015,2022-08-17 18:42:19.123747,2022-08-17 18:42:47.388329,0 days 00:00:28.264582,512,0.2,3.241497292990128e-05,0.99,0.98,0.008158704693520539,30,128,0.7218219649483422,PRUNED
50,50,5.131100463217649,2022-08-17 18:42:47.402628,2022-08-17 18:43:07.659764,0 days 00:00:20.257136,32,0.3,0.0011034925799692102,0.98,0.88,0.002198452808826488,20,256,0.621492339370559,PRUNED
51,51,-3.162318787071854,2022-08-17 18:43:07.674717,2022-08-17 18:43:20.482718,0 days 00:00:12.808001,256,0.1,2.5881195156871123e-06,0.95,0.8,0.003658623850200407,3,32,0.527589646986751,PRUNED
52,52,3.2377278370334466,2022-08-17 18:43:20.498026,2022-08-17 18:43:47.972875,0 days 00:00:27.474849,8,0.2,0.00027296001245246944,0.98,0.98,0.00027656708577976195,10,512,0.6613561566765209,PRUNED
53,53,1.4593390061927494,2022-08-17 18:43:47.987296,2022-08-17 18:43:59.056315,0 days 00:00:11.069019,256,0.1,1.6620658987333286e-05,1.0,0.88,0.0006741264717380954,5,256,0.780892850502109,PRUNED
54,54,,2022-08-17 18:43:59.070234,2022-08-17 18:46:30.454658,0 days 00:02:31.384424,256,0.1,0.0035416539544808933,1.0,0.8,0.0003579670656438758,10,64,0.6921896413180832,FAIL
55,55,-0.0028669326566159725,2022-08-17 18:47:20.341877,2022-08-17 18:47:34.832849,0 days 00:00:14.490972,256,0.1,0.0010788003929384298,1.0,0.8,0.0004779362451610301,10,64,0.6891939323015229,PRUNED
56,56,18.840402046218514,2022-08-17 18:47:34.848537,2022-08-17 18:48:06.674649,0 days 00:00:31.826112,256,0.1,0.0017751084094194101,1.0,0.8,0.0011092465933817065,10,64,0.7357886894490017,COMPLETE
57,57,36.06999623007141,2022-08-17 18:48:06.703913,2022-08-17 18:48:37.188719,0 days 00:00:30.484806,256,0.1,0.003927885498998577,1.0,0.8,0.0010543784027772288,10,64,0.7303616404581086,COMPLETE
58,58,0.019751268414211154,2022-08-17 18:48:37.214015,2022-08-17 18:48:48.699115,0 days 00:00:11.485100,256,0.1,0.0041574401651901845,1.0,0.8,0.013564699655811514,10,1024,0.6954275788411185,PRUNED
59,59,-4.3568067122250795,2022-08-17 18:48:48.714349,2022-08-17 18:49:18.690608,0 days 00:00:29.976259,16,0.1,0.04015219182060811,0.9,0.99,0.0037662663928809677,20,16,0.8086478980691458,PRUNED
60,60,1.8546614926308393,2022-08-17 18:49:18.709775,2022-08-17 18:49:33.877733,0 days 00:00:15.167958,8,0.2,0.003328056707515611,0.95,0.88,0.0012401473474202378,3,64,0.5702801229598937,PRUNED
61,61,-3.4749762495048344,2022-08-17 18:49:33.891690,2022-08-17 18:49:48.491768,0 days 00:00:14.600078,2048,0.1,0.008669343945562008,0.99,0.995,0.000288715505885328,30,128,0.7603258635004042,PRUNED
62,62,0.004033507250369439,2022-08-17 18:49:48.506060,2022-08-17 18:50:07.348574,0 days 00:00:18.842514,32,0.3,1.022251785135321e-06,0.98,0.98,0.008840701925038238,20,2048,0.731758040316627,PRUNED
63,63,3.4509535865254293,2022-08-17 18:50:07.363919,2022-08-17 18:50:18.445455,0 days 00:00:11.081536,512,0.1,5.1629447326415265e-05,0.95,0.88,0.0023521619982316876,3,256,0.8393730780806422,PRUNED
64,64,,2022-08-17 18:50:18.459749,,,256,0.2,0.00012033171041388974,1.0,0.8,0.0001477764225377456,10,8,0.7794832941394401,RUNNING
65,65,3123.6707136034966,2022-08-17 19:35:29.115020,2022-08-17 19:35:52.111128,0 days 00:00:22.996108,256,0.2,5.038017767601465e-06,1.0,0.8,0.00014159754046142117,10,128,0.7793488534564428,COMPLETE
66,66,3287.699205113575,2022-08-17 19:35:52.142376,2022-08-17 19:36:15.947285,0 days 00:00:23.804909,256,0.2,1.9981762288374834e-06,1.0,0.8,0.000166665448225662,10,128,0.7765208946529776,COMPLETE
67,67,2826.7986941710114,2022-08-17 19:36:15.972581,2022-08-17 19:36:43.314627,0 days 00:00:27.342046,256,0.2,5.634668636075381e-06,1.0,0.8,0.00017895578851468848,10,128,0.7849713610114796,COMPLETE
68,68,3101.0283031528816,2022-08-17 19:36:43.340915,2022-08-17 19:37:06.091185,0 days 00:00:22.750270,256,0.2,5.278596712427188e-06,1.0,0.8,0.00015458900782551908,10,128,0.7769054492117908,COMPLETE
69,69,3116.3552434444427,2022-08-17 19:37:06.114993,2022-08-17 19:37:29.718474,0 days 00:00:23.603481,256,0.2,5.172790456208066e-06,1.0,0.8,0.00015475005412217082,10,128,0.7766350607269925,COMPLETE
70,70,3186.6234008409083,2022-08-17 19:37:29.742282,2022-08-17 19:38:07.449520,0 days 00:00:37.707238,256,0.2,5.885050577715268e-06,1.0,0.8,0.00015492604993740095,10,128,0.7737466980361598,COMPLETE
71,71,3333.710109522566,2022-08-17 19:38:07.473328,2022-08-17 19:38:34.150350,0 days 00:00:26.677022,256,0.2,5.367603455322969e-06,1.0,0.8,0.0001762759601879559,10,128,0.7841624206710391,COMPLETE
72,72,2843.5481634344906,2022-08-17 19:38:34.177134,2022-08-17 19:38:56.846555,0 days 00:00:22.669421,256,0.2,5.828061038698054e-06,1.0,0.8,0.00015748057367862323,10,128,0.7792137968998332,COMPLETE
73,73,1641.7422217568383,2022-08-17 19:38:56.872348,2022-08-17 19:39:20.709195,0 days 00:00:23.836847,256,0.2,1.4583574790510194e-06,1.0,0.8,6.201847156303214e-05,10,128,0.8258155910091153,COMPLETE
74,74,2787.6592547893524,2022-08-17 19:39:20.733003,2022-08-17 19:39:44.941201,0 days 00:00:24.208198,256,0.2,4.580233591528055e-06,1.0,0.8,4.130023977492148e-05,10,128,0.7926460874436428,COMPLETE
75,75,2762.888241291046,2022-08-17 19:39:44.965009,2022-08-17 19:40:09.986255,0 days 00:00:25.021246,256,0.2,1.0421452149030087e-05,1.0,0.8,0.00014017788109480945,10,128,0.7691215728415444,COMPLETE
76,76,2808.703103594482,2022-08-17 19:40:10.012047,2022-08-17 19:40:33.883970,0 days 00:00:23.871923,256,0.2,5.356968873980771e-06,1.0,0.8,8.475568381464136e-05,10,128,0.8156673776364811,COMPLETE
77,77,3053.452469330281,2022-08-17 19:40:33.913234,2022-08-17 19:40:57.523061,0 days 00:00:23.609827,256,0.2,2.111778811979789e-06,1.0,0.8,0.00018813059576184115,10,128,0.7882838026233472,COMPLETE
78,78,,2022-08-17 19:40:57.546373,,,256,0.2,5.497320983785666e-07,1.0,0.8,0.00018745932622986401,10,128,0.8681808391261059,RUNNING
79,79,2784.2958034314215,2022-08-17 20:22:15.252981,2022-08-17 20:22:39.639825,0 days 00:00:24.386844,256,0.2,6.177766166961453e-07,1.0,0.8,0.00021132365787468696,10,128,0.8638103700486135,COMPLETE
80,80,2854.592811461538,2022-08-17 20:22:39.669089,2022-08-17 20:23:03.988567,0 days 00:00:24.319478,256,0.2,2.290039011070449e-06,1.0,0.8,0.000106878975059929,10,128,0.7478275122897158,COMPLETE
81,81,3561.062412261963,2022-08-17 20:23:04.018327,2022-08-17 20:23:27.853790,0 days 00:00:23.835463,256,0.2,1.8466659385441203e-05,1.0,0.8,2.8300414608148513e-05,10,128,0.7514049761411945,COMPLETE
82,82,3591.5660820007324,2022-08-17 20:23:27.878093,2022-08-17 20:23:52.031318,0 days 00:00:24.153225,256,0.2,1.9845173438360764e-05,1.0,0.8,2.6638773776037962e-05,10,128,0.8288916547262583,COMPLETE
83,83,3475.6369400024414,2022-08-17 20:23:52.055622,2022-08-17 20:24:16.456046,0 days 00:00:24.400424,256,0.2,2.280990447187458e-05,1.0,0.8,2.7930945341853167e-05,10,128,0.8542880932981782,COMPLETE
84,84,3754.9338088035583,2022-08-17 20:24:16.482332,2022-08-17 20:24:40.351162,0 days 00:00:23.868830,256,0.2,1.9847573690682147e-05,1.0,0.8,2.502787298377997e-05,10,128,0.857255648772305,COMPLETE
85,85,4169.000936031342,2022-08-17 20:24:40.377946,2022-08-17 20:25:04.658651,0 days 00:00:24.280705,256,0.2,1.652384406595064e-05,1.0,0.8,1.2552142935271476e-05,10,128,0.9108089221513551,COMPLETE
86,86,4252.940006732941,2022-08-17 20:25:04.687419,2022-08-17 20:25:28.249781,0 days 00:00:23.562362,1024,0.2,2.4794417702510096e-05,1.0,0.8,1.0792659433947664e-05,10,128,0.9222282536526137,COMPLETE
87,87,4067.058202266693,2022-08-17 20:25:28.274084,2022-08-17 20:25:52.111979,0 days 00:00:23.837895,1024,0.2,2.0719441838539398e-05,1.0,0.8,1.0629502572344073e-05,10,128,0.9224323233752502,COMPLETE
88,88,4183.959445953369,2022-08-17 20:25:52.135786,2022-08-17 20:26:15.894354,0 days 00:00:23.758568,1024,0.2,2.0969482703066644e-05,1.0,0.8,1.2209834272491545e-05,10,128,0.927231924494153,COMPLETE
89,89,1652.0484571654815,2022-08-17 20:26:15.922129,2022-08-17 20:27:11.286758,0 days 00:00:55.364629,1024,0.2,2.181747391783501e-05,1.0,0.8,1.0675666027088836e-05,10,8,0.9337406974987362,COMPLETE
90,90,3751.371041893959,2022-08-17 20:27:11.313047,2022-08-17 20:27:35.525809,0 days 00:00:24.212762,1024,0.2,1.551874707560657e-05,1.0,0.8,2.3835186545930692e-05,10,128,0.9295567059028007,COMPLETE
91,91,3706.123195171356,2022-08-17 20:27:35.549617,2022-08-17 20:27:59.306481,0 days 00:00:23.756864,1024,0.2,5.78995090479739e-05,1.0,0.8,2.2141684092212965e-05,10,128,0.9313705283586742,COMPLETE
92,92,3919.060975074768,2022-08-17 20:27:59.332273,2022-08-17 20:28:22.971453,0 days 00:00:23.639180,1024,0.2,5.8175974856418894e-05,1.0,0.8,1.806236051813766e-05,10,128,0.9318787402556837,COMPLETE
93,93,4001.7677636146545,2022-08-17 20:28:22.997742,2022-08-17 20:28:46.544899,0 days 00:00:23.547157,1024,0.2,5.42497680488383e-05,1.0,0.8,1.5921637845977485e-05,10,128,0.9353592444750007,COMPLETE
94,94,3860.0696892738342,2022-08-17 20:28:46.571683,2022-08-17 20:29:10.262853,0 days 00:00:23.691170,1024,0.2,5.7865856882082714e-05,1.0,0.8,1.6113805521101833e-05,10,128,0.9364682059226328,COMPLETE
95,95,4282.532462596893,2022-08-17 20:29:10.286661,2022-08-17 20:29:32.297370,0 days 00:00:22.010709,1024,0.2,0.00010054320213045601,1.0,0.8,1.3778213649266763e-05,5,512,0.9564204476567094,COMPLETE
96,96,4412.716279506683,2022-08-17 20:29:32.323658,2022-08-17 20:29:53.549246,0 days 00:00:21.225588,1024,0.2,0.0001375158412258656,0.9,0.8,1.530457433506619e-05,5,512,0.9598292417647991,COMPLETE
97,97,4217.162299633026,2022-08-17 20:29:53.573054,2022-08-17 20:30:14.606550,0 days 00:00:21.033496,1024,0.2,0.00016480165763126846,0.9,0.8,1.3188803335061483e-05,5,512,0.9639988554904448,COMPLETE
98,98,4143.445755958557,2022-08-17 20:30:14.633830,2022-08-17 20:30:35.805958,0 days 00:00:21.172128,1024,0.2,0.00013830879539067795,0.9,0.8,1.413393827754693e-05,5,512,0.9690565614781095,COMPLETE
99,99,4411.74248790741,2022-08-17 20:44:38.673227,2022-08-17 20:45:00.367908,0 days 00:00:21.694681,1024,0.2,0.00018519506445181948,0.9,0.8,1.0011556819290655e-05,5,512,0.9686387843653953,COMPLETE
100,100,4413.113980293274,2022-08-17 20:45:00.410067,2022-08-17 20:45:21.769317,0 days 00:00:21.359250,1024,0.2,0.00016193706400973807,0.9,0.995,1.0387290765419421e-05,5,512,0.9756793859940419,COMPLETE
101,101,4300.149582386017,2022-08-17 20:45:21.793125,2022-08-17 20:45:43.223886,0 days 00:00:21.430761,1024,0.2,0.00013787750774504613,0.9,0.995,1.2079291251081887e-05,5,512,0.9729738491662346,COMPLETE
102,102,4416.845453262329,2022-08-17 20:45:43.279933,2022-08-17 20:46:04.867812,0 days 00:00:21.587879,1024,0.2,0.00013220801367487778,0.9,0.995,1.2489942238296044e-05,5,512,0.978294204256458,COMPLETE
103,103,4380.116769313812,2022-08-17 20:46:04.892612,2022-08-17 20:46:26.511098,0 days 00:00:21.618486,1024,0.2,0.00018406543205174854,0.9,0.995,1.2628695799532425e-05,5,512,0.9604135939796752,COMPLETE
104,104,4258.402610778809,2022-08-17 20:46:26.536891,2022-08-17 20:46:47.834334,0 days 00:00:21.297443,1024,0.2,0.00021302748972419768,0.9,0.995,4.023845656294513e-05,5,512,0.9570450321404801,COMPLETE
105,105,4319.6887583732605,2022-08-17 20:46:47.860125,2022-08-17 20:47:09.743134,0 days 00:00:21.883009,1024,0.2,0.00017810838933367872,0.9,0.995,3.856248606913118e-05,5,512,0.9600424099808839,COMPLETE
106,106,4404.958282470703,2022-08-17 20:47:09.767438,2022-08-17 20:47:31.114194,0 days 00:00:21.346756,1024,0.2,0.0003734232062262986,0.9,0.995,3.7346864542508836e-05,5,512,0.9947945645813754,COMPLETE
107,107,4316.656226634979,2022-08-17 20:47:31.140481,2022-08-17 20:47:52.427263,0 days 00:00:21.286782,1024,0.2,0.0003099631062733632,0.9,0.995,3.239823548161652e-05,5,512,0.9953446500294976,COMPLETE
108,108,4288.026136398315,2022-08-17 20:47:52.454543,2022-08-17 20:48:13.874218,0 days 00:00:21.419675,1024,0.2,0.000365896947633006,0.9,0.995,4.092844121898715e-05,5,512,0.9805559095912483,COMPLETE
109,109,4256.261696338654,2022-08-17 20:48:13.904474,2022-08-17 20:48:35.341025,0 days 00:00:21.436551,1024,0.2,0.00039980904335174683,0.9,0.995,5.43393061607148e-05,5,512,0.9972950499265467,COMPLETE
110,110,4343.203062057495,2022-08-17 20:48:35.365825,2022-08-17 20:48:57.040832,0 days 00:00:21.675007,1024,0.2,0.00012725155742630153,0.9,0.995,1.9555565735586705e-05,5,512,0.9826341708481019,COMPLETE
111,111,4449.268815040588,2022-08-17 20:48:57.064640,2022-08-17 20:49:18.351327,0 days 00:00:21.286687,1024,0.3,0.0002993948259022678,0.9,0.995,1.842848239767328e-05,5,512,0.9836311493393538,COMPLETE
112,112,4187.1949553489685,2022-08-17 20:49:18.375135,2022-08-17 20:49:39.678005,0 days 00:00:21.302870,1024,0.3,0.0002581731800425974,0.9,0.995,1.9704851557703356e-05,5,512,0.9816169402853219,COMPLETE
113,113,4341.039452075958,2022-08-17 20:49:39.703797,2022-08-17 20:50:00.952083,0 days 00:00:21.248286,1024,0.3,0.0005803196180275817,0.9,0.995,3.3431073371469584e-05,5,512,0.9471199075840926,COMPLETE
114,114,4277.953389167786,2022-08-17 20:50:00.976882,2022-08-17 20:50:22.012119,0 days 00:00:21.035237,1024,0.3,0.0005767106039208018,0.9,0.995,3.2342715946132426e-05,5,512,0.9468635047799608,COMPLETE
115,115,4346.214021682739,2022-08-17 20:50:22.045351,2022-08-17 20:50:44.622940,0 days 00:00:22.577589,1024,0.3,0.0002085506771660496,0.9,0.995,4.897072707886296e-05,5,512,0.9872099612626118,COMPLETE
116,116,4379.968943119049,2022-08-17 20:50:44.648733,2022-08-17 20:51:05.787476,0 days 00:00:21.138743,1024,0.3,0.0008664488552329256,0.9,0.995,5.125288015750605e-05,5,512,0.9477168590317312,COMPLETE
117,117,4264.905756473541,2022-08-17 20:51:05.814260,2022-08-17 20:51:26.892904,0 days 00:00:21.078644,1024,0.3,0.0008296866181152348,0.9,0.995,5.0922830637104724e-05,5,512,0.9845493418302871,COMPLETE
118,118,4368.08105802536,2022-08-17 20:51:26.917704,2022-08-17 20:51:48.238914,0 days 00:00:21.321210,1024,0.3,0.0002019943993221837,0.9,0.995,1.8406505698789087e-05,5,512,0.9478089106824951,COMPLETE
119,119,4275.487439155579,2022-08-17 20:52:58.223918,2022-08-17 20:53:21.144163,0 days 00:00:22.920245,1024,0.3,0.00011478764368037365,0.9,0.995,1.79650301534993e-05,5,512,0.9457708806102052,COMPLETE
120,120,4189.414217472076,2022-08-17 20:53:21.172931,2022-08-17 20:53:42.945187,0 days 00:00:21.772256,1024,0.3,0.0004887210373897713,0.9,0.995,2.0348442182777728e-05,5,512,0.9755616401144289,COMPLETE
121,121,4328.913800239563,2022-08-17 20:53:42.972964,2022-08-17 20:54:06.539466,0 days 00:00:23.566502,1024,0.3,0.00023130815489672726,0.9,0.995,7.371657721206787e-05,5,512,0.9473508969387694,COMPLETE
122,122,4294.907343864441,2022-08-17 20:54:06.563274,2022-08-17 20:54:29.277105,0 days 00:00:22.713831,1024,0.3,7.92925766112125e-05,0.9,0.995,1.78325616742642e-05,5,512,0.886474521543882,COMPLETE
123,123,4361.950911521912,2022-08-17 20:54:29.300913,2022-08-17 20:54:52.778858,0 days 00:00:23.477945,1024,0.3,0.0008195194452313484,0.9,0.995,3.379119596686075e-05,5,512,0.9994693958920077,COMPLETE
124,124,4320.5501255989075,2022-08-17 20:54:52.805146,2022-08-17 20:55:16.120231,0 days 00:00:23.315085,1024,0.3,0.0008559098320457789,0.9,0.995,2.2126747529159945e-05,5,512,0.9983927202178917,COMPLETE
125,125,4386.799695014954,2022-08-17 20:55:16.145031,2022-08-17 20:55:39.906861,0 days 00:00:23.761830,1024,0.3,0.002776684416485614,0.9,0.995,4.9660105782635976e-05,5,512,0.9880646988214816,COMPLETE
126,126,4389.118206977844,2022-08-17 20:55:39.931661,2022-08-17 20:56:02.454994,0 days 00:00:22.523333,2048,0.3,0.0012815685882519492,0.9,0.995,5.206059446243923e-05,5,512,0.9909047109813941,COMPLETE
127,127,4324.817041397095,2022-08-17 20:56:02.484753,2022-08-17 20:56:25.671167,0 days 00:00:23.186414,2048,0.3,0.001639486128464901,0.9,0.995,4.779245219722342e-05,5,512,0.9680641934043523,COMPLETE
128,128,4199.926155090332,2022-08-17 20:56:25.696959,2022-08-17 20:56:48.942241,0 days 00:00:23.245282,2048,0.3,0.00038512926199565966,0.9,0.995,7.764989349957576e-05,5,512,0.9873824572377174,COMPLETE
129,129,4468.935866355896,2022-08-17 20:56:48.969521,2022-08-17 20:57:11.510773,0 days 00:00:22.541252,2048,0.3,0.002341057465054079,0.9,0.995,1.0003689677398828e-05,5,512,0.9914952262311167,COMPLETE
130,130,4368.273522853851,2022-08-17 20:57:11.537060,2022-08-17 20:57:34.884830,0 days 00:00:23.347770,2048,0.3,0.0012662469326278352,0.9,0.995,1.0336798120858007e-05,5,512,0.9739656681673529,COMPLETE
131,131,4446.076958656311,2022-08-17 20:57:34.911118,2022-08-17 20:57:57.621941,0 days 00:00:22.710823,2048,0.3,0.002258969233903927,0.9,0.995,1.486582930886382e-05,5,512,0.973312661266531,COMPLETE
132,132,4351.55867433548,2022-08-17 20:57:57.645750,2022-08-17 20:58:20.760815,0 days 00:00:23.115065,2048,0.3,0.0013107268933356755,0.9,0.995,1.0887025896663136e-05,5,512,0.9704501495715266,COMPLETE
133,133,4168.829997062683,2022-08-17 20:58:20.788095,2022-08-17 20:59:02.590758,0 days 00:00:41.802663,2048,0.3,0.002563703164961196,0.9,0.995,1.4157980670736865e-05,5,32,0.9582712746572257,COMPLETE
134,134,4090.0551114082336,2022-08-17 20:59:02.618534,2022-08-17 21:00:14.705851,0 days 00:01:12.087317,2048,0.3,0.006797568624022407,0.9,0.995,1.0277853552836092e-05,5,16,0.9108521173877788,COMPLETE
135,135,4266.055214449763,2022-08-17 21:00:14.730651,2022-08-17 21:00:40.639670,0 days 00:00:25.909019,2048,0.3,0.001723778907811473,0.9,0.995,2.62609683671137e-05,5,1024,0.9759966738692463,COMPLETE
136,136,4391.781244277954,2022-08-17 21:00:40.663478,2022-08-17 21:01:04.065477,0 days 00:00:23.401999,2048,0.3,0.0033128080906878253,0.9,0.99,1.0025269191531023e-05,5,512,0.9901017501469364,COMPLETE
137,137,4434.742902755737,2022-08-17 21:01:04.091765,2022-08-17 21:01:27.560561,0 days 00:00:23.468796,2048,0.3,0.002825097010593095,0.9,0.99,1.4819389627978501e-05,5,512,0.9894336756621555,COMPLETE
138,138,4319.561370849609,2022-08-17 21:01:27.586352,2022-08-17 21:01:51.198356,0 days 00:00:23.612004,2048,0.3,0.0030365987605076683,0.9,0.99,1.4030883135388872e-05,5,512,0.9912917226355424,COMPLETE
139,139,19792.944761812687,2022-08-17 21:03:01.977539,2022-08-17 21:03:27.822029,0 days 00:00:25.844490,2048,0.3,0.005574537309926807,0.9,0.99,1.497016863115059e-05,5,2048,0.9620109969767385,COMPLETE
140,140,19888.39676065743,2022-08-17 21:03:27.851789,2022-08-17 21:03:53.994290,0 days 00:00:26.142501,2048,0.3,0.011913218278563698,0.9,0.99,1.5357673832393863e-05,5,2048,0.9611936268909848,COMPLETE
141,141,20263.167532737367,2022-08-17 21:03:54.018098,2022-08-17 21:04:48.402116,0 days 00:00:54.384018,2048,0.3,0.005160358591357263,0.9,0.99,1.45477968575667e-05,30,2048,0.9908848050391671,COMPLETE
142,142,19953.261554539204,2022-08-17 21:04:48.426916,2022-08-17 21:05:42.811838,0 days 00:00:54.384922,2048,0.3,0.013353161668814041,0.99,0.99,1.5329237950527522e-05,30,2048,0.9681881494975286,COMPLETE
143,143,19432.15358656645,2022-08-17 21:05:42.835646,2022-08-17 21:06:37.198234,0 days 00:00:54.362588,2048,0.3,0.009890432352175911,0.99,0.99,1.5614543539710368e-05,30,2048,0.9687876871049385,COMPLETE
144,144,19576.876516342163,2022-08-17 21:06:37.222538,2022-08-17 21:07:31.039908,0 days 00:00:53.817370,2048,0.3,0.01417037620386767,0.99,0.99,1.58738101397285e-05,30,2048,0.9632042464102476,COMPLETE
145,145,18707.23419737816,2022-08-17 21:07:31.063716,2022-08-17 21:08:25.069019,0 days 00:00:54.005303,2048,0.3,0.02596761745103919,0.99,0.99,1.5742508617144345e-05,30,2048,0.9670392229214769,COMPLETE
146,146,20147.641392946243,2022-08-17 21:08:25.093323,2022-08-17 21:09:17.758607,0 days 00:00:52.665284,2048,0.3,0.025730836156564935,0.99,0.99,1.6172225912596807e-05,30,2048,0.9546604786344445,COMPLETE
147,147,19623.57293409109,2022-08-17 21:09:17.782911,2022-08-17 21:10:09.885778,0 days 00:00:52.102867,2048,0.3,0.031190341924774236,0.99,0.99,1.598377854488112e-05,30,2048,0.9603399647703091,COMPLETE
148,148,19928.769701242447,2022-08-17 21:10:09.910082,2022-08-17 21:11:04.726683,0 days 00:00:54.816601,2048,0.3,0.021934214099214526,0.99,0.99,2.3393095239429683e-05,30,2048,0.9551843228773734,COMPLETE
149,149,19352.201633155346,2022-08-17 21:11:04.751483,2022-08-17 21:11:56.536163,0 days 00:00:51.784680,2048,0.3,0.029227086300490437,0.99,0.99,2.198158388517704e-05,30,2048,0.9534180958448799,COMPLETE
150,150,20155.371928691864,2022-08-17 21:11:56.559971,2022-08-17 21:12:51.185631,0 days 00:00:54.625660,2048,0.3,0.025831177490235037,0.99,0.99,1.6419410295111237e-05,30,2048,0.954043638276391,COMPLETE
151,151,19876.941338539124,2022-08-17 21:12:51.209439,2022-08-17 21:13:44.434173,0 days 00:00:53.224734,2048,0.3,0.032970862386309904,0.99,0.99,2.5023319936544835e-05,30,2048,0.940359979519211,COMPLETE
152,152,19543.844412326813,2022-08-17 21:13:44.458973,2022-08-17 21:14:38.771841,0 days 00:00:54.312868,2048,0.3,0.025147212460076538,0.99,0.99,2.4725700237310666e-05,30,2048,0.9152131790305212,COMPLETE
153,153,19994.469454348087,2022-08-17 21:14:38.802098,2022-08-17 21:15:31.515930,0 days 00:00:52.713832,2048,0.3,0.026224674860403228,0.99,0.99,2.7309391747551003e-05,30,2048,0.9393207819510886,COMPLETE
154,154,19751.944282650948,2022-08-17 21:15:31.540234,2022-08-17 21:16:25.484597,0 days 00:00:53.944363,2048,0.3,0.02653738817895861,0.99,0.99,2.5475965308773754e-05,30,2048,0.9137096367862403,COMPLETE
155,155,19940.233970940113,2022-08-17 21:16:25.508405,2022-08-17 21:17:18.755561,0 days 00:00:53.247156,2048,0.3,0.047467121273455495,0.99,0.99,2.6318687325674492e-05,30,2048,0.9117744734199723,COMPLETE
156,156,19995.17365705967,2022-08-17 21:17:18.779369,2022-08-17 21:18:13.053555,0 days 00:00:54.274186,2048,0.3,0.013781422364317465,0.99,0.99,2.841176057447875e-05,30,2048,0.9084151132801761,COMPLETE
157,157,19887.261598974466,2022-08-17 21:18:13.077860,2022-08-17 21:19:06.111264,0 days 00:00:53.033404,2048,0.3,0.06012425789999537,0.99,0.99,2.721977771626891e-05,30,2048,0.9079347237495413,COMPLETE
158,158,19847.897217586637,2022-08-17 21:19:06.135568,2022-08-17 21:20:00.896114,0 days 00:00:54.760546,2048,0.3,0.05474557426548246,0.99,0.99,2.842772567603797e-05,30,2048,0.8987357149478328,COMPLETE
159,159,4459.519142150879,2022-08-17 21:21:12.998651,2022-08-17 21:22:07.777338,0 days 00:00:54.778687,2048,0.3,0.0875652178595422,0.99,0.99,2.884603578862976e-05,30,2048,0.9008203268127762,COMPLETE
160,160,4323.120638847351,2022-08-17 21:22:07.805114,2022-08-17 21:23:00.732439,0 days 00:00:52.927325,2048,0.3,0.05268005951887087,0.99,0.99,2.3460340536653884e-05,30,2048,0.8889575842239164,COMPLETE
161,161,4440.8521938323975,2022-08-17 21:23:00.756743,2022-08-17 21:23:53.442958,0 days 00:00:52.686215,2048,0.3,0.013804744313351523,0.99,0.99,2.847057576532124e-05,30,2048,0.8740178573247275,COMPLETE
162,162,4417.365190505981,2022-08-17 21:23:53.470733,2022-08-17 21:24:46.930490,0 days 00:00:53.459757,2048,0.3,0.03974458674492362,0.99,0.99,3.0511571060700172e-05,30,2048,0.8986210762450246,COMPLETE
163,163,4466.279392242432,2022-08-17 21:24:46.954794,2022-08-17 21:25:42.832442,0 days 00:00:55.877648,2048,0.3,0.01618534942616888,0.99,0.99,2.211160284489611e-05,30,2048,0.9380967666187294,COMPLETE
164,164,4329.968942165375,2022-08-17 21:25:42.857242,2022-08-17 21:26:37.371433,0 days 00:00:54.514191,2048,0.3,0.06516068411605708,0.99,0.99,3.581435247771526e-05,30,2048,0.9191236258370398,COMPLETE
165,165,4434.120456695557,2022-08-17 21:26:37.395736,2022-08-17 21:27:32.099809,0 days 00:00:54.704073,2048,0.3,0.011088762361222252,0.99,0.99,2.0311435007054937e-05,30,2048,0.9058783121078158,COMPLETE
166,166,4459.989154815674,2022-08-17 21:27:32.124113,2022-08-17 21:28:26.351343,0 days 00:00:54.227230,2048,0.3,0.03830734349598611,0.99,0.99,2.674144856206177e-05,30,2048,0.9405269722037702,COMPLETE
167,167,4381.066661834717,2022-08-17 21:28:26.376143,2022-08-17 21:29:20.605154,0 days 00:00:54.229011,2048,0.3,0.0209495761138905,0.99,0.99,2.4061476719489695e-05,30,2048,0.917359139916725,COMPLETE
168,168,4372.009377002716,2022-08-17 21:29:20.633922,2022-08-17 21:30:14.350696,0 days 00:00:53.716774,2048,0.3,0.028641134050651388,0.99,0.99,1.8267917478359697e-05,30,2048,0.9251411905943763,COMPLETE
169,169,4386.564702987671,2022-08-17 21:30:14.374504,2022-08-17 21:31:09.126943,0 days 00:00:54.752439,2048,0.3,0.05311259157470708,0.99,0.99,2.7945045989792552e-05,30,2048,0.9115856270586825,COMPLETE
170,170,4333.787504196167,2022-08-17 21:31:09.151743,2022-08-17 21:31:31.710047,0 days 00:00:22.558304,2048,0.3,0.02160842024530803,0.99,0.99,3.6887173185344234e-05,30,2048,0.885933104614243,PRUNED
171,171,4316.709686279297,2022-08-17 21:31:31.724961,2022-08-17 21:31:55.724629,0 days 00:00:23.999668,2048,0.3,0.007061124941871737,0.99,0.99,1.7615049430809228e-05,30,2048,0.8778518413971526,PRUNED
172,172,2795.95173240453,2022-08-17 21:31:55.739278,2022-08-17 21:32:19.947244,0 days 00:00:24.207966,2048,0.3,0.014777991157887577,0.99,0.99,0.19094521053160154,30,2048,0.9400732262498454,PRUNED
173,173,4239.681728839874,2022-08-17 21:32:19.962638,2022-08-17 21:32:40.102602,0 days 00:00:20.139964,32,0.3,0.09825949353605656,0.99,0.99,6.397208013324576e-05,30,2048,0.8970513478688411,PRUNED
174,174,4341.710687637329,2022-08-17 21:32:40.118311,2022-08-17 21:33:02.343008,0 days 00:00:22.224697,2048,0.3,0.03601555417553014,0.99,0.99,2.3195358531049204e-05,30,2048,0.916449840449994,PRUNED
175,175,4396.092208862305,2022-08-17 21:33:02.359109,2022-08-17 21:33:25.119289,0 days 00:00:22.760180,512,0.3,0.057842674796571306,0.99,0.99,3.1393808520086896e-05,30,2048,0.9236159945325323,COMPLETE
176,176,4300.7937297821045,2022-08-17 21:33:25.143592,2022-08-17 21:33:49.611540,0 days 00:00:24.467948,2048,0.3,0.019560747631468645,0.99,0.99,0.022431240230873388,30,2048,0.9542244448783705,PRUNED
177,177,4356.777737617493,2022-08-17 21:33:49.628514,2022-08-17 21:34:12.622516,0 days 00:00:22.994002,2048,0.3,0.01153585881259564,0.99,0.99,1.748522059792234e-05,30,2048,0.9554496812538136,PRUNED
178,178,4413.144371986389,2022-08-17 21:34:12.637478,2022-08-17 21:35:06.125470,0 days 00:00:53.487992,2048,0.3,0.009833670427368182,0.99,0.99,1.4360283003365815e-05,30,2048,0.9358471066533675,COMPLETE
179,179,,2022-08-17 22:26:53.162914,,,2048,0.3,0.005017320749231236,0.99,0.99,2.1217123853148244e-05,30,2048,0.9044702642290371,RUNNING
180,180,4400.870337486267,2022-08-17 22:28:05.349058,2022-08-17 22:29:00.196840,0 days 00:00:54.847782,2048,0.3,0.027174771782071602,0.99,0.99,2.3438574307740946e-05,30,2048,0.9635371698309971,COMPLETE
181,181,4391.794727325439,2022-08-17 22:29:00.225112,2022-08-17 22:29:52.880650,0 days 00:00:52.655538,2048,0.3,0.008371334364922916,0.99,0.99,1.6629229578881194e-05,30,2048,0.9086429098584632,COMPLETE
182,182,4434.619264602661,2022-08-17 22:29:52.905450,2022-08-17 22:30:47.699546,0 days 00:00:54.794096,2048,0.3,0.004751174288408489,0.99,0.99,4.149892915607156e-05,30,2048,0.9421099309992904,COMPLETE
183,183,4380.052878379822,2022-08-17 22:30:47.723850,2022-08-17 22:31:11.626372,0 days 00:00:23.902522,2048,0.3,0.04759619092266429,0.99,0.99,1.3109350098500665e-05,30,2048,0.9292728137354151,PRUNED
184,184,4355.6292333602905,2022-08-17 22:31:11.642129,2022-08-17 22:31:34.756858,0 days 00:00:23.114729,2048,0.3,0.017539532927153607,0.99,0.99,2.0759483409047037e-05,30,2048,0.9495839284208476,PRUNED
185,185,4455.150938034058,2022-08-17 22:31:34.772798,2022-08-17 22:32:30.647832,0 days 00:00:55.875034,2048,0.3,0.03608826553687701,0.99,0.99,2.7717745626469292e-05,30,2048,0.9626310873006366,COMPLETE
186,186,4393.5282526016235,2022-08-17 22:32:30.678585,2022-08-17 22:33:22.678807,0 days 00:00:52.000222,2048,0.3,0.013555574610203448,0.99,0.99,1.7506563920563686e-05,30,2048,0.9253224744219642,COMPLETE
187,187,4313.053553077392,2022-08-17 22:33:22.703607,2022-08-17 22:34:16.524182,0 days 00:00:53.820575,2048,0.3,0.07356863517428487,0.99,0.99,2.4448204379351944e-05,30,2048,0.9068072968702281,COMPLETE
188,188,4360.622427940369,2022-08-17 22:34:16.549478,2022-08-17 22:35:08.589997,0 days 00:00:52.040519,2048,0.3,0.026337178941370117,0.99,0.99,2.040980012156335e-05,30,2048,0.9503015191160193,COMPLETE
189,189,4395.934019088745,2022-08-17 22:35:08.617773,2022-08-17 22:36:02.015867,0 days 00:00:53.398094,2048,0.3,0.02987387845203911,0.99,0.99,1.3260316165380743e-05,30,2048,0.9549549325145418,COMPLETE
190,190,2792.635015770793,2022-08-17 22:36:02.040667,2022-08-17 22:36:24.675864,0 days 00:00:22.635197,2048,0.3,0.018040137945782964,0.99,0.99,0.8209688309703098,30,2048,0.9389697927008834,PRUNED
191,191,3697.0722756385803,2022-08-17 22:36:24.690058,2022-08-17 22:37:22.944971,0 days 00:00:58.254913,2048,0.3,0.005739784887699559,0.99,0.99,2.1353888258175333e-05,30,8,0.9659606735806094,PRUNED
192,192,4690.003150939941,2022-08-17 22:37:22.960599,2022-08-17 22:38:30.555928,0 days 00:01:07.595329,16,0.3,0.023122593947764777,0.99,0.99,3.2247054369321834e-05,30,2048,0.9523012310710938,COMPLETE
193,193,4357.163569927216,2022-08-17 22:38:30.580232,2022-08-17 22:39:23.416506,0 days 00:00:52.836274,2048,0.3,0.03423158796870058,0.99,0.99,1.592298790212071e-05,30,2048,0.9171356544663589,COMPLETE
194,194,4332.404184341431,2022-08-17 22:39:23.441802,2022-08-17 22:39:47.021410,0 days 00:00:23.579608,2048,0.3,0.010572397826420755,0.99,0.99,2.494771960900016e-05,30,2048,0.9326698448770081,PRUNED
195,195,4376.25777387619,2022-08-17 22:39:47.036187,2022-08-17 22:40:09.048615,0 days 00:00:22.012428,2048,0.3,0.04646305247336613,0.99,0.99,4.347360673642244e-05,30,2048,0.892022632995843,PRUNED
196,196,-1062.0536161251366,2022-08-17 22:40:09.063609,2022-08-17 22:40:31.430736,0 days 00:00:22.367127,2048,0.3,0.012872982455382298,0.99,0.99,0.512043888687157,30,2048,0.9594696309439342,PRUNED
197,197,4457.0971784591675,2022-08-17 22:40:31.447135,2022-08-17 22:41:25.441831,0 days 00:00:53.994696,2048,0.3,0.06339537292296393,0.99,0.99,1.344504415712868e-05,30,2048,0.9438045622707953,COMPLETE
198,198,4392.871045589447,2022-08-17 22:41:25.466135,2022-08-17 22:41:48.255205,0 days 00:00:22.789070,2048,0.3,0.026148958288268385,0.99,0.99,1.594655827726493e-05,30,2048,0.9692935444537699,PRUNED
199,199,4421.442625045776,2022-08-17 22:41:48.270691,2022-08-17 22:42:39.484088,0 days 00:00:51.213397,2048,0.3,0.024189124584589584,0.99,0.99,1.796038236917084e-05,30,2048,0.9673384300160925,COMPLETE
